id;is_display_date;display_date_from;display_date_to;activated;created_by;created_date;last_modified_by;last_modified_date
1;false;2021-06-25T16:54:02;2021-06-25T13:55:20;false;Table engage markets;2021-06-25T18:11:37;panel;2021-06-25T22:09:27
2;false;2021-06-25T17:28:23;2021-06-25T22:58:15;false;Assistant;2021-06-26T07:23:07;Berkshire Unbranded neural;2021-06-26T00:01:06
3;true;2021-06-26T04:04:02;2021-06-25T07:52:01;false;navigating;2021-06-25T09:28:22;disintermediate feed paradigms;2021-06-25T12:13:49
4;false;2021-06-26T05:46:00;2021-06-25T10:22:41;false;firmware Plastic;2021-06-26T05:58:16;Computer bus generating;2021-06-25T19:14:23
5;true;2021-06-25T16:13:00;2021-06-25T23:04:11;true;digital;2021-06-25T12:25:30;matrix Cotton Car;2021-06-25T19:49:27
6;false;2021-06-25T08:45:02;2021-06-25T08:27:02;true;invoice Associate quantify;2021-06-25T11:59:39;compress plug-and-play;2021-06-25T23:07:36
7;false;2021-06-25T23:32:06;2021-06-25T12:02:44;false;cross-platform;2021-06-25T13:05:54;alarm Versatile;2021-06-25T10:52:36
8;false;2021-06-25T22:08:27;2021-06-25T17:17:09;true;Consultant Producer Global;2021-06-26T01:34:18;engage array Chair;2021-06-25T12:17:53
9;true;2021-06-26T07:06:26;2021-06-25T16:44:32;true;Consultant Exclusive;2021-06-26T06:00:49;digital Technician;2021-06-25T18:41:21
10;false;2021-06-26T07:31:50;2021-06-25T15:35:57;true;Borders asymmetric gold;2021-06-26T00:10:23;reboot;2021-06-25T23:57:08
